商品,订单号,订单状态,商品总价(元),邮费(元),店铺优惠折扣(元),平台优惠折扣(元),多多支付立减金额(元),用户实付金额(元),商家实收金额(元),商品数量(件),发货时间,确认收货时间,商品id,商品规格,样式ID,商家备注,售后状态,快递单号,快递公司,订单成交时间,是否分期,分期期数,手续费承担方,分期方式
莱特5本36页牛皮学生作业本16K学校统一语文练习本小学汉语拼音本,240525-081002534660548,已发货，待收货,4.5	,0.0	,0.0	,0.0	,0.0	,4.5	,4.5	,1	,2024-05-27 08:05:07,	,609881478958	,16K作文本300格(5本),1599890404771	,	,无售后或售后取消,777217600628812	,申通快递,2024-05-25 19:58:02,否,,	,
莱特5本加厚A4学生笔记本B5办公商务记事本大学生课堂笔记草稿本,240525-080048351570353,已发货，待收货,6.9	,0.0	,0.0	,0.0	,0.0	,6.9	,6.9	,1	,2024-05-27 08:05:07,	,614857205457	,A5混色5本装（每本28张）,1598292611656	,	,无售后或售后取消,777217600629301	,申通快递,2024-05-25 18:47:53,否,,	,
莱特5本36页牛皮学生作业本16K学校统一语文练习本小学汉语拼音本,240525-518164354852874,已取消,4.5	,0.0	,0.0	,0.0	,0.0	,4.5	,4.5	,1	,	,	,609881478958	,16K方格语文本(5本),1599890404773	,	,无售后或售后取消,	,	,	,	,,	,
莱特5本36页牛皮学生作业本16K学校统一语文练习本学生汉语拼音本,240525-348410365491095,已发货，待收货,9.0	,0.0	,0.9	,0.56	,0.0	,7.54	,8.1	,2	,2024-05-27 08:05:07,	,612517929146	,双线数学本(5本),1596013749700	,	,无售后或售后取消,777217600628939	,申通快递,2024-05-25 15:59:33,否,,	,
莱特5本36页牛皮学生作业本16K学校统一语文练习本小学汉语拼音本,240525-620112145971095,已发货，待收货,9.0	,0.0	,0.9	,0.48	,0.0	,7.62	,8.1	,2	,2024-05-27 08:05:07,	,609881478958	,16K田字本(5本),1599890404778	,	,无售后或售后取消,777217600628939	,申通快递,2024-05-25 15:55:16,否,,	,
莱特10本超厚400张草稿纸作业练习本学生空白大学生考研验算纸张,240525-343681277481212,已发货，待收货,4.4	,0.0	,0.0	,0.0	,0.0	,4.4	,4.4	,1	,2024-05-25 14:04:11,	,612572388478	,5本装/每本40张（共200张）,1596114591034	,	,无售后或售后取消,777217956162445	,申通快递,2024-05-25 11:54:47,否,,	,
莱特5本36页牛皮学生作业本16K学校统一语文练习本小学汉语拼音本,240525-579652840970760,已发货，待收货,4.5	,0.0	,0.0	,0.0	,0.0	,4.5	,4.5	,1	,2024-05-25 14:04:11,	,609881478958	,16K练习本(5本),1599890404782	,	,无售后或售后取消,777217956162427	,申通快递,2024-05-25 10:28:41,否,,	,
10本加厚400张高中草稿纸初中练习本大学生考研笔记数学验算本,240525-534700377883521,已发货，待收货,4.4	,0.0	,0.0	,0.0	,0.0	,4.4	,4.4	,1	,2024-05-25 14:04:11,	,612578900751	,5本装/每本40张共200张,1596105695784	,	,无售后或售后取消,777217956162476	,申通快递,2024-05-25 10:26:20,否,,	,
莱特5本36页牛皮学生作业本16K学校统一语文练习本小学汉语拼音本,240524-061478039112538,已发货，待收货,4.5	,0.0	,0.0	,0.0	,0.0	,4.5	,4.5	,1	,2024-05-25 14:04:11,	,609881478958	,16K汉语拼音本(5本),1599890404784	,用户备注：发3个汉语拼音本➕2个英语本,无售后或售后取消,777217956163056	,申通快递,2024-05-24 21:26:27,否,,	,
莱特16K活页记账本财务账簿收支单出纳出入库存账薄财会明细本,240524-024714954503557,已取消,11.7	,0.0	,0.0	,0.0	,0.0	,11.7	,11.7	,1	,	,	,609244903731	,16K实物出入账,1593728237734	,	,无售后或售后取消,	,	,	,	,,	,
莱特16K活页记账本财务账簿收支单出纳出入库存账薄财会明细本,240524-640433538823557,已收货,117.0	,0.0	,11.7	,0.0	,0.0	,105.3	,105.3	,10	,2024-05-24 14:47:59,2024-05-27 14:43:17,609244903731	,16K实物出入账,1593728237734	,	,无售后或售后取消,777217430997869	,申通快递,2024-05-24 14:13:43,否,,	,
莱特5本加厚500张B5学生笔记本清仓处理A5办公记事本工作日志本子,240524-021543011961818,未发货，退款成功,9.8	,0.0	,0.0	,0.0	,0.0	,9.8	,9.8	,1	,	,	,613484523608	,B5五本（每本100张）,1597016278371	,	,退款成功,	,	,2024-05-24 13:00:59,否,,	,
莱特5本加厚500张B5学生笔记本清仓处理A5办公记事本工作日志本子,240524-559782367401205,已发货，待收货,19.6	,0.0	,1.96	,0.0	,0.0	,17.64	,17.64	,2	,2024-05-24 13:40:35,	,613484523608	,B5五本（每本100张）,1597016278371	,	,无售后或售后取消,777217367014665	,申通快递,2024-05-24 11:43:06,否,,	,
莱特5本加厚500张B5学生笔记本清仓处理A5办公记事本工作日志本子,240524-480798348983321,已发货，待收货,9.8	,0.0	,0.0	,0.0	,0.0	,9.8	,9.8	,1	,2024-05-24 13:40:35,	,613484523608	,B5五本（每本100张）,1597016278371	,	,无售后或售后取消,777217367013678	,申通快递,2024-05-24 10:43:27,否,,	,
莱特10本加厚16K大号学校统一学生作业本小学汉语拼音本纠错本,240524-283624087120260,已发货，待收货,6.4	,0.0	,0.0	,0.9	,0.01	,5.5	,6.4	,1	,2024-05-24 13:40:35,	,607820221890	,16K练习本(5本),1596281800006	,	,无售后或售后取消,777217367014878	,申通快递,2024-05-24 10:09:09,否,,	,
莱特16K活页记账本财务账簿收支单出纳出入库存账薄财会明细本,240524-614591435020297,已发货，待收货,28.8	,0.0	,2.88	,0.0	,0.0	,25.92	,25.92	,4	,2024-05-24 13:40:35,	,609244903731	,25K现金日记账,1593728237728	,	,无售后或售后取消,777217367014702	,申通快递,2024-05-24 09:08:26,否,,	,
莱特5本加厚500张B5学生笔记本清仓处理A5办公记事本工作日志本子,240524-091462090953190,已收货,9.8	,0.0	,0.0	,0.98	,0.0	,8.82	,9.8	,1	,2024-05-24 13:40:35,2024-05-25 21:49:39,613484523608	,B5五本（每本100张）,1597016278371	,	,无售后或售后取消,777217367014684	,申通快递,2024-05-24 08:27:18,否,,	,
莱特5本加厚200页B5学生笔记本办公记事本白领工作记录本子笔记本,240524-178273728820169,已发货，待收货,40.8	,0.0	,4.08	,0.0	,0.0	,36.72	,36.72	,4	,2024-05-24 13:40:35,	,608059073339	,A5五本（每本80张）,1593732323452	,	,无售后或售后取消,777217367014714	,申通快递,2024-05-24 07:10:52,否,,	,
莱特5本加厚500张B5学生笔记本清仓处理A5办公记事本工作日志本子,240524-248895291621948,未发货，退款成功,9.8	,0.0	,0.0	,0.0	,0.0	,9.8	,9.8	,1	,	,	,613484523608	,B5五本（每本100张）,1597016278371	,	,退款成功,	,	,2024-05-24 06:38:42,否,,	,
莱特5本加厚500张B5学生笔记本清仓处理A5办公记事本工作日志本子,240524-214412848950763,已取消,19.6	,0.0	,1.96	,0.0	,0.0	,17.64	,17.64	,2	,	,	,613484523608	,B5五本（每本100张）,1597016278371	,	,无售后或售后取消,	,	,	,	,,	,
莱特10本加厚16K大号学校统一学生作业本小学汉语拼音本纠错本,240524-159991795900917,未发货，退款成功,13.36	,0.0	,0.0	,0.0	,0.0	,13.36	,13.36	,1	,	,	,607820221890	,16K作文本(10本),1596346464020	,	,退款成功,	,	,2024-05-24 00:19:55,否,,	,
莱特10本加厚16K大号学校统一学生作业本小学汉语拼音本纠错本,240523-229155827281669,已取消,8.41	,0.0	,0.0	,0.0	,0.0	,8.41	,8.41	,1	,	,	,607820221890	,16K数学双线本(5本),1596281800004	,	,无售后或售后取消,	,	,	,	,,	,
莱特5本36页牛皮学生作业本16K学校统一语文练习本小学汉语拼音本,240523-563200735523208,已收货,4.5	,0.0	,0.0	,3.0	,0.01	,1.5	,4.5	,1	,2024-05-24 13:40:35,2024-05-26 12:23:22,609881478958	,16K英语本(5本),1599890404776	,	,无售后或售后取消,777217367013186	,申通快递,2024-05-23 22:18:25,否,,	,
莱特10本加厚16K大号学校统一学生作业本小学汉语拼音本纠错本,240523-094230341981037,已发货，待收货,6.86	,0.0	,0.0	,0.0	,0.0	,6.86	,6.86	,1	,2024-05-24 13:40:35,	,607820221890	,32K数学本(10本),1596346464013	,	,无售后或售后取消,777217367014672	,申通快递,2024-05-23 21:04:32,否,,	,
莱特5本36页牛皮学生作业本16K学校统一语文练习本小学汉语拼音本,240523-595575519440833,已收货,9.0	,0.0	,0.9	,0.0	,0.0	,8.1	,8.1	,2	,2024-05-24 13:40:35,2024-05-28 11:22:32,609881478958	,16K方格语文本(5本),1599890404773	,	,无售后或售后取消,777217367014829	,申通快递,2024-05-23 20:36:15,否,,	,
莱特5本36页牛皮学生作业本16K学校统一语文练习本小学汉语拼音本,240523-251978135760833,已收货,9.0	,0.0	,0.9	,0.0	,0.0	,8.1	,8.1	,2	,2024-05-24 13:40:35,2024-05-28 11:22:43,609881478958	,16K汉语拼音本(5本),1599890404784	,	,无售后或售后取消,777217367014829	,申通快递,2024-05-23 20:36:15,否,,	,
莱特10本加厚16K大号学校统一学生作业本小学汉语拼音本纠错本,240523-458542334140917,已取消,13.36	,0.0	,0.0	,0.0	,0.0	,13.36	,13.36	,1	,	,	,607820221890	,16K作文本(10本),1596346464020	,	,无售后或售后取消,	,	,	,	,,	,
莱特10本加厚16K大号学校统一学生作业本小学汉语拼音本纠错本,240523-008556418620917,已取消,13.36	,0.0	,0.0	,0.0	,0.0	,13.36	,13.36	,1	,	,	,607820221890	,16K作文本(10本),1596346464020	,	,无售后或售后取消,	,	,	,	,,	,
莱特10本超厚400张草稿纸作业练习本学生空白大学生考研验算纸张,240523-195045660262002,已发货，待收货,4.4	,0.0	,0.0	,0.0	,0.0	,4.4	,4.4	,1	,2024-05-23 14:19:40,	,612572388478	,5本装/每本40张（共200张）,1596114591034	,	,无售后或售后取消,777216992826645	,申通快递,2024-05-23 14:06:05,否,,	,
莱特5本加厚500张B5学生笔记本清仓处理A5办公记事本工作日志本子,240523-067444436643372,未发货，退款成功,8.1	,0.0	,0.0	,0.0	,0.0	,8.1	,8.1	,1	,	,	,613484523608	,A5五本（每本80张）,1597016278374	,	,退款成功,	,	,2024-05-23 14:05:25,否,,	,
莱特5本加厚500张B5学生笔记本清仓处理A5办公记事本工作日志本子,240523-361391788403089,已发货，退款成功,5.9	,0.0	,0.0	,0.0	,0.0	,5.9	,5.9	,1	,2024-05-23 13:26:49,	,613484523608	,B5五本（每本40张）,1597016278368	,	,退款成功,777216938192682	,申通快递,2024-05-23 12:58:16,否,,	,
莱特5本加厚500张B5学生笔记本清仓处理A5办公记事本工作日志本子,240523-021223216833958,已收货,8.9	,0.0	,0.0	,0.0	,0.01	,8.9	,8.9	,1	,2024-05-23 13:26:49,2024-05-27 12:01:48,613484523608	,B5五本（每本80张）,1597016278370	,	,无售后或售后取消,777216938195881	,申通快递,2024-05-23 12:49:45,否,,	,
莱特活页记账本财务账簿收支单出纳出入库存账薄财会明细本,240523-435001813231762,已发货，退款成功,7.2	,0.0	,0.0	,0.0	,0.0	,7.2	,7.2	,1	,2024-05-23 13:26:49,	,609244903731	,25K总分类张,1593728237730	,	,退款成功,777216938192426	,申通快递,2024-05-23 12:43:15,否,,	,
莱特5本加厚500张B5学生笔记本清仓处理A5办公记事本工作日志本子,240523-086512781043089,未发货，退款成功,11.8	,0.0	,1.18	,0.0	,0.0	,10.62	,10.62	,2	,	,	,613484523608	,B5五本（每本40张）,1597016278368	,	,退款成功,	,	,2024-05-23 10:36:50,否,,	,
莱特活页记账本财务账簿收支单出纳出入库存账薄财会明细本,240523-110750604800996,已发货，待收货,11.7	,0.0	,0.0	,0.0	,0.01	,11.7	,11.7	,1	,2024-05-23 10:33:25,	,609244903731	,16K实物出入账,1593728237734	,	,无售后或售后取消,777217075923879	,申通快递,2024-05-23 08:59:44,否,,	,
莱特10本加厚16K大号学校统一学生作业本小学汉语拼音本纠错本,240523-249125998991843,已发货，待收货,6.73	,0.0	,0.0	,0.0	,0.0	,6.73	,6.73	,1	,2024-05-23 08:47:44,	,607820221890	,32K数学本(5本),1593039293506	,	,无售后或售后取消,777217036868047	,申通快递,2024-05-23 07:03:00,否,,	,
莱特10本加厚16K大号学校统一学生作业本小学汉语拼音本纠错本,240523-319406815401557,已取消,13.36	,0.0	,0.0	,1.33	,0.0	,12.03	,13.36	,1	,	,	,607820221890	,16K生字本(10本),1596347489469	,	,无售后或售后取消,	,	,	,	,,	,
莱特活页记账本财务账簿收支单出纳出入库存账薄财会明细本,240522-551052972191893,已发货，待收货,11.7	,0.0	,0.0	,0.0	,0.0	,11.7	,11.7	,1	,2024-05-23 08:47:44,	,609244903731	,16K三栏明细分类账,1593728670894	,	,无售后或售后取消,777217036868072	,申通快递,2024-05-22 23:16:03,否,,	,
莱特活页记账本财务账簿收支单出纳出入库存账薄财会明细本,240522-648025260191893,已发货，待收货,11.7	,0.0	,0.0	,0.0	,0.0	,11.7	,11.7	,1	,2024-05-23 08:47:44,	,609244903731	,16K三栏明细分类账,1593728670894	,	,无售后或售后取消,777217036868072	,申通快递,2024-05-22 23:04:51,否,,	,
莱特活页记账本财务账簿收支单出纳出入库存账薄财会明细本,240522-253435584031893,已发货，待收货,7.9	,0.0	,0.0	,0.0	,0.0	,7.9	,7.9	,1	,2024-05-23 08:47:44,	,609244903731	,25K三栏明细分类账,1593728237733	,	,无售后或售后取消,777217036868072	,申通快递,2024-05-22 23:03:09,否,,	,
莱特5本加厚200页B5学生笔记本办公记事本白领工作记录本子笔记本,240522-407838410482278,已发货，待收货,6.6	,0.0	,0.0	,2.0	,0.0	,4.6	,6.6	,1	,2024-05-23 08:47:44,	,608059073339	,A5五本（每本40张）,1593732323450	,	,无售后或售后取消,777217036867935	,申通快递,2024-05-22 20:33:19,否,,	,
莱特10本加厚16K大号学校统一学生作业本小学汉语拼音本纠错本,240522-171662446910507,已发货，待收货,6.86	,0.0	,0.0	,3.0	,0.0	,3.86	,6.86	,1	,2024-05-23 08:47:44,	,607820221890	,32K语文本(10本),1596346464018	,	,无售后或售后取消,777217036867303	,申通快递,2024-05-22 19:29:08,否,,	,
莱特10本加厚16K大号学校统一学生作业本小学汉语拼音本纠错本,240522-518069962443173,已收货,6.86	,0.0	,0.69	,0.0	,0.0	,6.17	,6.17	,1	,2024-05-23 08:47:44,2024-05-28 11:22:56,607820221890	,32K数学本(10本),1596346464013	,	,无售后或售后取消,777217036869223	,申通快递,2024-05-22 18:09:34,否,,	,
莱特10本加厚16K大号学校统一学生作业本小学汉语拼音本纠错本,240522-174472578763173,已收货,6.86	,0.0	,0.68	,0.0	,0.0	,6.18	,6.18	,1	,2024-05-23 08:47:44,2024-05-28 11:22:30,607820221890	,32K练习本(10本),1596346464015	,	,无售后或售后取消,777217036869223	,申通快递,2024-05-22 18:09:34,否,,	,
莱特活页记账本财务账簿收支单出纳出入库存账薄财会明细本,240522-413070794363477,已收货,11.7	,0.0	,0.0	,0.0	,0.0	,11.7	,11.7	,1	,2024-05-23 08:47:44,2024-05-28 13:29:38,609244903731	,16K三栏明细分类账,1593728670894	,	,无售后或售后取消,777217036869247	,申通快递,2024-05-22 18:07:09,否,,	,
莱特10本加厚16K大号学校统一学生作业本小学汉语拼音本纠错本,240522-647485202181420,已发货，待收货,6.86	,0.0	,0.68	,0.61	,0.0	,5.57	,6.18	,1	,2024-05-22 16:16:28,	,607820221890	,32K作文本(10本),1596345431818	,	,无售后或售后取消,777216783942634	,申通快递,2024-05-22 13:53:32,否,,	,
莱特10本加厚16K大号学校统一学生作业本小学汉语拼音本纠错本,240522-024714944261420,未发货，退款成功,8.41	,0.0	,0.84	,0.76	,0.0	,6.81	,7.57	,1	,	,	,607820221890	,16K作文本(5本),1596281985847	,	,退款成功,	,	,2024-05-22 13:53:32,否,,	,
莱特活页记账本财务账簿收支单出纳出入库存账薄财会明细本,240522-596120706751602,已收货,11.7	,0.0	,0.0	,0.0	,0.0	,11.7	,11.7	,1	,2024-05-22 13:34:04,2024-05-25 12:00:51,609244903731	,16K库存商品明细分类账,1593728670886	,	,无售后或售后取消,777216926378865	,申通快递,2024-05-22 10:44:16,否,,	,
莱特活页记账本财务账簿收支单出纳出入库存账薄财会明细本,240522-511626514681548,已发货，待收货,7.2	,0.0	,0.0	,0.0	,0.0	,7.2	,7.2	,1	,2024-05-22 13:34:04,	,609244903731	,25K现金日记账,1593728237728	,	,无售后或售后取消,777216926378305	,申通快递,2024-05-22 09:35:20,否,,	,
莱特5本36页牛皮学生作业本16K学校统一语文练习本小学汉语拼音本,240522-600225902120276,已发货，待收货,4.5	,0.0	,0.45	,0.0	,0.0	,4.05	,4.05	,1	,2024-05-22 13:34:04,	,609881478958	,16K田字本(5本),1599890404778	,	,无售后或售后取消,777216926371360	,申通快递,2024-05-22 09:40:05,否,,	,
莱特5本36页牛皮学生作业本16K学校统一语文练习本小学汉语拼音本,240522-256628518440276,已发货，待收货,4.5	,0.0	,0.45	,0.0	,0.0	,4.05	,4.05	,1	,2024-05-22 13:34:04,	,609881478958	,16K汉语拼音本(5本),1599890404784	,	,无售后或售后取消,777216926371360	,申通快递,2024-05-22 09:40:05,否,,	,
莱特10本装16K学生防近视作业本学校统一英语作业本初中笔记本,240521-437151404202945,已收货,9.2	,0.0	,0.92	,0.82	,0.0	,7.46	,8.28	,1	,2024-05-22 13:34:04,2024-05-26 09:58:45,613582632742	,作文本(5本),1597104442382	,	,无售后或售后取消,777216926378853	,申通快递,2024-05-21 23:56:45,否,,	,
莱特10本装16K学生防近视作业本学校统一英语作业本初中笔记本,240521-394201731242945,已收货,9.2	,0.0	,0.92	,0.82	,0.0	,7.46	,8.28	,1	,2024-05-22 13:34:04,2024-05-26 09:59:01,613582632742	,笔记本(5本),1597104442388	,	,无售后或售后取消,777216926378853	,申通快递,2024-05-21 23:56:46,否,,	,
莱特10本装16K学生防近视作业本学校统一英语作业本初中笔记本,240521-265352712362945,已收货,14.9	,0.0	,1.49	,1.34	,0.0	,12.07	,13.41	,1	,2024-05-22 13:34:04,2024-05-26 09:59:05,613582632742	,英语本(10本),1597127331050	,	,无售后或售后取消,777216926378853	,申通快递,2024-05-21 23:56:46,否,,	,
莱特10本装16K学生防近视作业本学校统一英语作业本初中笔记本,240521-093554020522945,已收货,14.9	,0.0	,1.49	,1.34	,0.0	,12.07	,13.41	,1	,2024-05-22 13:34:04,2024-05-26 09:59:16,613582632742	,练习本(10本),1597127331049	,	,无售后或售后取消,777216926378853	,申通快递,2024-05-21 23:56:46,否,,	,
莱特10本装16K学生防近视作业本学校统一英语作业本初中笔记本,240521-050604347562945,已收货,14.9	,0.0	,1.49	,1.33	,0.0	,12.08	,13.41	,1	,2024-05-22 13:34:04,2024-05-26 09:59:22,613582632742	,数学本(10本),1597127331051	,	,无售后或售后取消,777216926378853	,申通快递,2024-05-21 23:56:46,否,,	,
莱特5本加厚500张B5学生笔记本清仓处理A5办公记事本工作日志本子,240521-248014476823462,已收货,5.9	,0.0	,0.0	,0.0	,0.0	,5.9	,5.9	,1	,2024-05-22 13:34:04,2024-05-26 21:44:28,613484523608	,B5五本（每本40张）,1597016278368	,	,无售后或售后取消,777216926378579	,申通快递,2024-05-21 23:46:40,否,,	,
莱特10本超厚400张草稿纸作业练习本学生空白大学生考研验算纸张,240521-521252442332378,已发货，待收货,7.8	,0.0	,0.0	,0.0	,0.0	,7.8	,7.8	,1	,2024-05-22 13:34:04,	,612572388478	,10本装/每本40张（400张）,1596114591035	,	,无售后或售后取消,777216926371395	,申通快递,2024-05-21 20:33:08,否,,	,
莱特5本加厚500张B5学生笔记本清仓处理A5办公记事本工作日志本子,240521-507814878811583,已收货,5.9	,0.0	,0.0	,0.0	,0.0	,5.9	,5.9	,1	,2024-05-22 13:34:04,2024-05-25 23:21:42,613484523608	,B5五本（每本40张）,1597016278368	,	,无售后或售后取消,777216926378269	,申通快递,2024-05-21 20:26:48,否,,	,
莱特10本加厚16K大号学校统一学生作业本小学汉语拼音本纠错本,240521-683634901270572,已发货，待收货,6.8	,0.0	,0.0	,0.0	,0.0	,6.8	,6.8	,1	,2024-05-22 13:34:04,	,607820221890	,32K数学本(5本),1593039293506	,	,无售后或售后取消,777216926378026	,申通快递,2024-05-21 20:00:56,否,,	,
莱特10本加厚16K大号学校统一学生作业本小学汉语拼音本纠错本,240521-496909719190572,已发货，待收货,8.5	,0.0	,0.0	,0.0	,0.0	,8.5	,8.5	,1	,2024-05-22 13:34:04,	,607820221890	,16K汉语拼音本(5本),1596281800007	,	,无售后或售后取消,777216926378026	,申通快递,2024-05-21 19:59:17,否,,	,
莱特10本加厚16K大号学校统一学生作业本小学汉语拼音本纠错本,240521-658511020310572,已取消,8.5	,0.0	,0.0	,0.0	,0.0	,8.5	,8.5	,1	,	,	,607820221890	,16K汉语拼音本(5本),1596281800007	,	,无售后或售后取消,	,	,	,	,,	,
莱特10本加厚16K大号学校统一学生作业本小学汉语拼音本纠错本,240521-464241313430572,未发货，退款成功,13.5	,0.0	,0.0	,0.0	,0.0	,13.5	,13.5	,1	,	,	,607820221890	,16K汉语拼音本(10本),1596348452662	,	,退款成功,	,	,2024-05-21 19:10:07,否,,	,
莱特5本36页牛皮学生作业本16K学校统一语文练习本小学汉语拼音本,240521-480017201511997,已发货，待收货,4.5	,0.0	,0.45	,0.0	,0.0	,4.05	,4.05	,1	,2024-05-22 13:34:04,	,609881478958	,16K单线数学本(5本),1599890404780	,	,无售后或售后取消,777216926378275	,申通快递,2024-05-21 17:26:11,否,,	,
莱特5本36页牛皮学生作业本16K学校统一语文练习本小学汉语拼音本,240521-308218509671997,未发货，退款成功,4.5	,0.0	,0.45	,0.0	,0.0	,4.05	,4.05	,1	,	,	,609881478958	,16K双线数学本(5本),1599890404779	,	,退款成功,	,	,2024-05-21 17:26:11,否,,	,
莱特5本36页牛皮学生作业本16K学校统一语文练习本小学汉语拼音本,240521-429706525031997,未发货，退款成功,4.5	,0.0	,0.0	,0.0	,0.0	,4.5	,4.5	,1	,	,	,609881478958	,16K单线数学本(5本),1599890404780	,	,退款成功,	,	,2024-05-21 17:19:57,否,,	,
莱特5本加厚500张B5学生笔记本清仓处理A5办公记事本工作日志本子,240521-415687063693035,已收货,9.3	,0.0	,0.0	,0.0	,0.0	,9.3	,9.3	,1	,2024-05-22 13:34:04,2024-05-24 15:56:36,613484523608	,A5五本（每本100张）,1597016278375	,	,无售后或售后取消,777216926378051	,申通快递,2024-05-21 16:32:16,否,,	,
莱特5本加厚500张B5学生笔记本清仓处理A5办公记事本工作日志本子,240521-452408133133035,已取消,9.3	,0.0	,0.0	,0.0	,0.0	,9.3	,9.3	,1	,	,	,613484523608	,A5五本（每本100张）,1597016278375	,	,无售后或售后取消,	,	,	,	,,	,
莱特10本加厚16K大号学校统一学生作业本小学汉语拼音本纠错本,240521-548247979811672,已收货,8.4	,0.0	,0.0	,1.0	,0.0	,7.4	,8.4	,1	,2024-05-22 13:34:04,2024-05-24 18:15:08,607820221890	,16K作文本(10本),1596346464020	,	,无售后或售后取消,777216926371437	,申通快递,2024-05-21 16:13:13,否,,	,
莱特10本加厚16K大号学校统一学生作业本小学汉语拼音本纠错本,240521-411870174760276,已取消,4.5	,0.0	,0.45	,0.0	,0.0	,4.05	,4.05	,1	,	,	,607820221890	,16K汉语拼音本(5本),1596281800007	,	,无售后或售后取消,	,	,	,	,,	,
莱特10本加厚16K大号学校统一学生作业本小学汉语拼音本纠错本,240521-240071482920276,已取消,4.5	,0.0	,0.45	,0.0	,0.0	,4.05	,4.05	,1	,	,	,607820221890	,16K田字本(5本),1596353196803	,	,无售后或售后取消,	,	,	,	,,	,
莱特10本加厚16K大号学校统一学生作业本小学汉语拼音本纠错本,240521-259732282920276,已取消,9.0	,0.0	,0.9	,0.48	,0.0	,7.62	,8.1	,2	,	,	,607820221890	,16K田字本(5本),1596353196803	,	,无售后或售后取消,	,	,	,	,,	,
莱特活页记账本财务账簿收支单出纳出入库存账薄财会明细本,240521-424238180721523,已发货，待收货,11.7	,0.0	,0.0	,6.0	,0.0	,5.7	,11.7	,1	,2024-05-21 15:49:13,	,609244903731	,16K库存商品明细分类账,1593728670886	,	,无售后或售后取消,777216687922469	,申通快递,2024-05-21 15:22:45,否,,	,
莱特活页记账本财务账簿收支单出纳出入库存账薄财会明细本,240521-446614802801523,未发货，退款成功,11.7	,0.0	,0.0	,0.0	,0.0	,11.7	,11.7	,1	,	,	,609244903731	,16K库存商品明细分类账,1593728670886	,	,退款成功,	,	,2024-05-21 15:15:30,否,,	,
莱特10本加厚16K大号学校统一学生作业本小学汉语拼音本纠错本,240521-594406357280219,已发货，待收货,6.3	,0.0	,0.0	,0.0	,0.0	,6.3	,6.3	,1	,2024-05-21 15:49:13,	,607820221890	,32K英语本(10本),1596345431819	,	,无售后或售后取消,777216687930764	,申通快递,2024-05-21 14:47:31,否,,	,
莱特10本加厚16K大号学校统一学生作业本小学汉语拼音本纠错本,240521-613212495590122,已收货,8.4	,0.0	,0.0	,0.0	,0.0	,8.4	,8.4	,1	,2024-05-21 15:49:13,2024-05-25 10:24:11,607820221890	,16K数学双线本(10本),1596347489467	,	,无售后或售后取消,777216687931654	,申通快递,2024-05-21 14:33:05,否,,	,
莱特10本加厚16K大号学校统一学生作业本小学汉语拼音本纠错本,240521-513403809323908,已发货，待收货,8.4	,0.0	,0.0	,0.0	,0.0	,8.4	,8.4	,1	,2024-05-21 15:49:13,	,607820221890	,16K练习本(10本),1596347489470	,	,无售后或售后取消,777216687931733	,申通快递,2024-05-21 14:01:57,否,,	,
莱特10本加厚16K大号学校统一学生作业本小学汉语拼音本纠错本,240521-169748795611424,已发货，待收货,6.3	,0.0	,0.0	,0.31	,0.0	,5.99	,6.3	,1	,2024-05-21 15:49:13,	,607820221890	,32K练习本(10本),1596346464015	,	,售后处理中,777216687931162	,申通快递,2024-05-21 13:58:41,否,,	,
莱特10本加厚16K大号学校统一学生作业本小学汉语拼音本纠错本,240521-483797276310334,已发货，待收货,4.5	,0.0	,0.0	,0.9	,0.0	,3.6	,4.5	,1	,2024-05-21 13:30:53,	,607820221890	,16K语文方格本(5本),1596281985848	,	,无售后或售后取消,777216478118097	,申通快递,2024-05-21 13:10:43,否,,	,
莱特10本超厚400张草稿纸作业练习本学生空白大学生考研验算纸张,240521-172438341372458,已收货,4.4	,0.0	,0.0	,0.0	,0.0	,4.4	,4.4	,1	,2024-05-21 13:30:53,2024-05-26 18:08:12,612572388478	,5本装/每本40张（共200张）,1596114591034	,	,无售后或售后取消,777216478119066	,申通快递,2024-05-21 12:50:21,否,,	,
莱特10本加厚16K大号学校统一学生作业本小学汉语拼音本纠错本,240521-216557166320920,已取消,8.4	,0.0	,0.0	,0.0	,0.0	,8.4	,8.4	,1	,	,	,607820221890	,16K生字本(10本),1596347489469	,	,无售后或售后取消,	,	,	,	,,	,
莱特10本加厚16K大号学校统一学生作业本小学汉语拼音本纠错本,240521-501790840482743,已发货，待收货,8.4	,0.0	,0.0	,0.0	,0.0	,8.4	,8.4	,1	,2024-05-21 13:30:53,	,607820221890	,16K语文方格本(10本),1596347489463	,	,无售后或售后取消,777216478118164	,申通快递,2024-05-21 12:23:04,否,,	,
莱特10本加厚16K大号学校统一学生作业本小学汉语拼音本纠错本,240521-395030044273733,已发货，待收货,8.4	,0.0	,0.84	,0.0	,0.0	,7.56	,7.56	,1	,2024-05-21 13:30:53,	,607820221890	,16K作文本(10本),1596346464020	,	,无售后或售后取消,777216478119637	,申通快递,2024-05-21 12:19:29,否,,	,
莱特10本加厚16K大号学校统一学生作业本小学汉语拼音本纠错本,240521-051432660593733,已发货，待收货,8.4	,0.0	,0.84	,0.0	,0.0	,7.56	,7.56	,1	,2024-05-21 13:30:53,	,607820221890	,16K生字本(10本),1596347489469	,	,无售后或售后取消,777216478119637	,申通快递,2024-05-21 12:19:29,否,,	,
莱特10本加厚16K大号学校统一学生作业本小学汉语拼音本纠错本,240521-507159529131065,已发货，待收货,8.7	,0.0	,0.0	,0.0	,0.0	,8.7	,8.7	,1	,2024-05-21 08:57:28,	,607820221890	,16K作文本(10本),1596346464020	,	,无售后或售后取消,777216582033894	,申通快递,2024-05-21 08:44:49,否,,	,
莱特10本加厚16K大号学校统一学生作业本小学汉语拼音本纠错本,240521-342035085663796,已发货，待收货,8.7	,0.0	,0.0	,0.0	,0.0	,8.7	,8.7	,1	,2024-05-21 08:57:28,	,607820221890	,16K纠错本(10本),1596348452661	,	,无售后或售后取消,777216582034309	,申通快递,2024-05-21 08:11:11,否,,	,
莱特10本加厚16K大号学校统一学生作业本小学汉语拼音本纠错本,240521-577686802783796,已取消,8.7	,0.0	,0.0	,0.0	,0.0	,8.7	,8.7	,1	,	,	,607820221890	,16K纠错本(10本),1596348452661	,	,无售后或售后取消,	,	,	,	,,	,
莱特10本加厚16K大号学校统一学生作业本小学汉语拼音本纠错本,240521-673468915441446,已发货，待收货,4.5	,0.0	,0.45	,0.26	,0.0	,3.79	,4.05	,1	,2024-05-21 08:57:28,	,607820221890	,16K练习本(5本),1596281800006	,	,无售后或售后取消,777216582034814	,申通快递,2024-05-21 07:56:36,否,,	,
莱特10本加厚16K大号学校统一学生作业本小学汉语拼音本纠错本,240521-501670223601446,已发货，待收货,4.5	,0.0	,0.45	,0.26	,0.0	,3.79	,4.05	,1	,2024-05-21 08:57:28,	,607820221890	,16K田字本(5本),1596353196803	,	,无售后或售后取消,777216582034814	,申通快递,2024-05-21 07:56:36,否,,	,
莱特10本加厚16K大号学校统一学生作业本小学汉语拼音本纠错本,240521-077552709421058,已收货,8.7	,0.0	,0.0	,1.13	,0.0	,7.57	,8.7	,1	,2024-05-21 08:57:28,2024-05-24 20:11:48,607820221890	,16K汉语拼音本(10本),1596348452662	,	,无售后或售后取消,777216582033754	,申通快递,2024-05-21 07:38:11,否,,	,
莱特10本加厚16K大号学校统一学生作业本小学汉语拼音本纠错本,240521-611639652113767,已收货,6.1	,0.0	,0.0	,3.0	,0.0	,3.1	,6.1	,1	,2024-05-21 08:57:28,2024-05-28 14:49:09,607820221890	,32K数学本(10本),1596346464013	,	,无售后或售后取消,777216582033122	,申通快递,2024-05-21 07:35:34,否,,	,
莱特10本加厚16K大号学校统一学生作业本小学汉语拼音本纠错本,240521-258033641873767,已收货,6.1	,0.0	,0.0	,5.0	,0.0	,1.1	,6.1	,1	,2024-05-21 08:57:28,2024-05-28 14:49:12,607820221890	,32K语文本(10本),1596346464018	,	,无售后或售后取消,777216582033122	,申通快递,2024-05-21 07:34:35,否,,	,
莱特5本加厚200页B5学生笔记本办公记事本白领工作记录本子笔记本,240521-428028772771683,已收货,10.8	,0.0	,1.0	,0.0	,0.0	,9.8	,9.8	,1	,2024-05-21 08:57:28,2024-05-24 11:42:39,608059073339	,B5五本（每本100张）,1593732323449	,	,无售后或售后取消,777216582024971	,申通快递,2024-05-21 07:32:25,否,,	,
莱特10本加厚16K大号学校统一学生作业本小学汉语拼音本纠错本,240521-021810430353767,已收货,6.1	,0.0	,0.0	,5.0	,0.0	,1.1	,6.1	,1	,2024-05-21 08:57:28,2024-05-28 14:46:16,607820221890	,32K生字本(10本),1596346464014	,	,无售后或售后取消,777216582033122	,申通快递,2024-05-21 07:24:58,否,,	,
莱特10本加厚16K大号学校统一学生作业本小学汉语拼音本纠错本,240521-287357079953767,已收货,6.1	,0.0	,0.0	,5.0	,0.0	,1.1	,6.1	,1	,2024-05-21 08:57:28,2024-05-28 14:46:20,607820221890	,32K生字本(10本),1596346464014	,	,无售后或售后取消,777216582033122	,申通快递,2024-05-21 07:24:26,否,,	,
莱特10本加厚16K大号学校统一学生作业本小学汉语拼音本纠错本,240521-442226450223820,已收货,6.1	,0.0	,0.0	,5.0	,0.0	,1.1	,6.1	,1	,2024-05-21 08:57:28,2024-05-28 14:35:40,607820221890	,32K英语本(10本),1596345431819	,	,无售后或售后取消,777216582033079	,申通快递,2024-05-21 07:20:37,否,,	,
莱特10本加厚16K大号学校统一学生作业本小学汉语拼音本纠错本,240521-030933051823820,已收货,6.1	,0.0	,0.0	,5.0	,0.0	,1.1	,6.1	,1	,2024-05-21 08:57:28,2024-05-28 14:35:37,607820221890	,32K数学本(10本),1596346464013	,	,无售后或售后取消,777216582033079	,申通快递,2024-05-21 07:14:11,否,,	,
莱特10本加厚16K大号学校统一学生作业本小学汉语拼音本纠错本,240521-227478127023820,已收货,4.2	,0.0	,0.0	,3.0	,0.0	,1.2	,4.2	,1	,2024-05-21 08:57:28,2024-05-28 14:35:27,607820221890	,32K语文本(5本),1593039293502	,	,无售后或售后取消,777216582033079	,申通快递,2024-05-21 07:13:41,否,,	,
莱特10本加厚16K大号学校统一学生作业本小学汉语拼音本纠错本,240521-187317686703820,已收货,6.1	,0.0	,0.0	,3.0	,0.0	,3.1	,6.1	,1	,2024-05-21 08:57:28,2024-05-28 14:35:31,607820221890	,32K语文本(10本),1596346464018	,	,无售后或售后取消,777216582033079	,申通快递,2024-05-21 07:09:16,否,,	,
莱特10本加厚16K大号学校统一学生作业本小学汉语拼音本纠错本,240521-622654984623820,已收货,6.1	,0.0	,0.0	,5.0	,0.0	,1.1	,6.1	,1	,2024-05-21 08:57:28,2024-05-28 14:35:34,607820221890	,32K数学本(10本),1596346464013	,	,无售后或售后取消,777216582033079	,申通快递,2024-05-21 07:06:15,否,,	,
莱特10本加厚16K大号学校统一学生作业本小学汉语拼音本纠错本,240521-002558553881058,已取消,8.7	,0.0	,0.0	,0.0	,0.0	,8.7	,8.7	,1	,	,	,607820221890	,16K练习本(10本),1596347489470	,	,无售后或售后取消,	,	,	,	,,	,
莱特10本加厚16K大号学校统一学生作业本小学汉语拼音本纠错本,240521-230880724572182,已发货，待收货,8.7	,0.0	,0.0	,0.0	,0.0	,8.7	,8.7	,1	,2024-05-21 08:57:28,	,607820221890	,16K数学双线本(10本),1596347489467	,	,无售后或售后取消,777216582031070	,申通快递,2024-05-21 06:22:52,否,,	,
莱特10本加厚16K大号学校统一学生作业本小学汉语拼音本纠错本,240521-625753495181984,已收货,4.5	,0.0	,0.0	,0.0	,0.0	,4.5	,4.5	,1	,2024-05-21 08:57:28,2024-05-24 09:48:18,607820221890	,16K语文方格本(5本),1596281985848	,	,无售后或售后取消,777216582034723	,申通快递,2024-05-21 04:50:32,否,,	,
莱特10本加厚16K大号学校统一学生作业本小学汉语拼音本纠错本,240521-094130717093388,已发货，待收货,87.0	,0.0	,8.7	,0.0	,0.0	,78.3	,78.3	,10	,2024-05-21 08:57:28,	,607820221890	,16K数学单线本(10本),1596347489468	,	,无售后或售后取消,777216582025113	,申通快递,2024-05-21 01:43:27,否,,	,
莱特10本加厚16K大号学校统一学生作业本小学汉语拼音本纠错本,240521-397336921880102,未发货，退款成功,6.1	,0.0	,0.0	,0.0	,0.0	,6.1	,6.1	,1	,	,	,607820221890	,32K读书笔记本(10本),1596346464017	,	,退款成功,	,	,2024-05-21 00:03:57,否,,	,
莱特10本加厚16K大号学校统一学生作业本小学汉语拼音本纠错本,240520-574273625712843,已发货，待收货,4.5	,0.0	,0.45	,0.0	,0.0	,4.05	,4.05	,1	,2024-05-21 08:57:28,	,607820221890	,16K数学双线本(5本),1596281800004	,	,无售后或售后取消,777216582032013	,申通快递,2024-05-20 23:57:48,否,,	,
莱特10本加厚16K大号学校统一学生作业本小学汉语拼音本纠错本,240520-230676242032843,已发货，待收货,4.5	,0.0	,0.45	,0.0	,0.0	,4.05	,4.05	,1	,2024-05-21 08:57:28,	,607820221890	,16K练习本(5本),1596281800006	,	,无售后或售后取消,777216582032013	,申通快递,2024-05-20 23:57:49,否,,	,
莱特10本加厚16K大号学校统一学生作业本小学汉语拼音本纠错本,240520-144776896112843,已发货，待收货,4.5	,0.0	,0.45	,0.0	,0.0	,4.05	,4.05	,1	,2024-05-21 08:57:28,	,607820221890	,16K作文本(5本),1596281985847	,	,无售后或售后取消,777216582032013	,申通快递,2024-05-20 23:57:49,否,,	,
莱特10本加厚16K大号学校统一学生作业本小学汉语拼音本纠错本,240520-412410222192843,已取消,4.5	,0.0	,0.0	,0.0	,0.0	,4.5	,4.5	,1	,	,	,607820221890	,16K数学双线本(5本),1596281800004	,	,无售后或售后取消,	,	,	,	,,	,
莱特10本加厚16K大号学校统一学生作业本小学汉语拼音本纠错本,240520-580281996912843,未发货，退款成功,4.2	,0.0	,0.42	,0.0	,0.0	,3.78	,3.78	,1	,	,	,607820221890	,32K作文本(5本),1593039293501	,	,退款成功,	,	,2024-05-20 23:46:51,否,,	,
莱特10本加厚16K大号学校统一学生作业本小学汉语拼音本纠错本,240520-494382650992843,未发货，退款成功,4.2	,0.0	,0.42	,0.0	,0.0	,3.78	,3.78	,1	,	,	,607820221890	,32K练习本(5本),1593039293508	,	,退款成功,	,	,2024-05-20 23:46:51,否,,	,
莱特10本加厚16K大号学校统一学生作业本小学汉语拼音本纠错本,240520-322583959152843,未发货，退款成功,4.2	,0.0	,0.42	,0.0	,0.0	,3.78	,3.78	,1	,	,	,607820221890	,32K数学本(5本),1593039293506	,	,退款成功,	,	,2024-05-20 23:46:51,否,,	,
莱特10本加厚16K大号学校统一学生作业本小学汉语拼音本纠错本,240520-236684613232843,已发货，待收货,4.5	,0.0	,0.45	,0.0	,0.0	,4.05	,4.05	,1	,2024-05-21 08:57:28,	,607820221890	,16K汉语拼音本(5本),1596281800007	,	,无售后或售后取消,777216582032013	,申通快递,2024-05-20 23:46:51,否,,	,
莱特10本加厚16K大号学校统一学生作业本小学汉语拼音本纠错本,240520-150785267312843,已发货，待收货,4.5	,0.0	,0.45	,0.0	,0.0	,4.05	,4.05	,1	,2024-05-21 08:57:28,	,607820221890	,16K语文方格本(5本),1596281985848	,	,无售后或售后取消,777216582032013	,申通快递,2024-05-20 23:46:51,否,,	,
莱特10本加厚16K大号学校统一学生作业本小学汉语拼音本纠错本,240520-215970025821037,已取消,6.1	,0.0	,0.0	,0.0	,0.0	,6.1	,6.1	,1	,	,	,607820221890	,32K数学本(10本),1596346464013	,	,无售后或售后取消,	,	,	,	,,	,
莱特10本加厚16K大号学校统一学生作业本小学汉语拼音本纠错本,240520-638614321501037,已取消,6.1	,0.0	,0.0	,0.0	,0.0	,6.1	,6.1	,1	,	,	,607820221890	,32K数学本(10本),1596346464013	,	,无售后或售后取消,	,	,	,	,,	,
莱特10本加厚16K大号学校统一学生作业本小学汉语拼音本纠错本,240520-633916680350860,已发货，待收货,4.5	,0.0	,0.0	,0.0	,0.0	,4.5	,4.5	,1	,2024-05-21 08:57:28,	,607820221890	,16K英语本(5本),1596281250228	,	,无售后或售后取消,777216582024983	,申通快递,2024-05-20 22:34:03,否,,	,
莱特10本加厚16K大号学校统一学生作业本小学汉语拼音本纠错本,240520-683262645760553,未发货，退款成功,8.7	,0.0	,0.0	,0.0	,0.0	,8.7	,8.7	,1	,	,	,607820221890	,16K语文方格本(10本),1596347489463	,	,退款成功,	,	,2024-05-20 22:24:15,否,,	,
莱特10本加厚16K大号学校统一学生作业本小学汉语拼音本纠错本,240520-151943943722743,已发货，退款成功,8.7	,0.0	,0.0	,0.0	,0.0	,8.7	,8.7	,1	,2024-05-21 08:57:28,	,607820221890	,16K语文方格本(10本),1596347489463	,	,退款成功,777216582033905	,申通快递,2024-05-20 22:21:22,否,,	,
莱特10本加厚16K大号学校统一学生作业本小学汉语拼音本纠错本,240520-595276613341266,已发货，待收货,8.7	,0.0	,0.0	,0.0	,0.0	,8.7	,8.7	,1	,2024-05-21 08:57:28,	,607820221890	,16K数学双线本(10本),1596347489467	,	,无售后或售后取消,777216582034285	,申通快递,2024-05-20 22:18:34,否,,	,
莱特10本加厚16K大号学校统一学生作业本小学汉语拼音本纠错本,240520-515270305970739,已收货,4.5	,0.0	,0.0	,0.0	,0.0	,4.5	,4.5	,1	,2024-05-21 08:57:28,2024-05-29 14:02:32,607820221890	,16K田字本(5本),1596353196803	,	,无售后或售后取消,777216582034668	,申通快递,2024-05-20 22:06:20,否,,	,
莱特10本加厚16K大号学校统一学生作业本小学汉语拼音本纠错本,240520-235845773652054,已收货,4.2	,0.0	,0.0	,0.0	,0.0	,4.2	,4.2	,1	,2024-05-21 08:57:28,2024-05-29 22:24:41,607820221890	,32K英语本(5本),1593039293503	,	,无售后或售后取消,777216582033742	,申通快递,2024-05-20 22:06:14,否,,	,
莱特10本加厚16K大号学校统一学生作业本小学汉语拼音本纠错本,240520-387034662452853,未发货，退款成功,4.5	,0.0	,0.0	,0.0	,0.0	,4.5	,4.5	,1	,	,	,607820221890	,16K练习本(5本),1596281800006	,	,退款成功,	,	,2024-05-20 22:05:10,否,,	,
莱特10本加厚16K大号学校统一学生作业本小学汉语拼音本纠错本,240520-472394043562743,已发货，待收货,8.7	,0.0	,0.0	,0.0	,0.0	,8.7	,8.7	,1	,2024-05-21 08:57:28,	,607820221890	,16K练习本(10本),1596347489470	,	,无售后或售后取消,777216582033905	,申通快递,2024-05-20 21:52:35,否,,	,
莱特10本加厚16K大号学校统一学生作业本小学汉语拼音本纠错本,240520-072131571242743,已发货，待收货,8.7	,0.0	,0.0	,0.0	,0.0	,8.7	,8.7	,1	,2024-05-21 08:57:28,	,607820221890	,16K语文方格本(10本),1596347489463	,	,无售后或售后取消,777216582033905	,申通快递,2024-05-20 21:52:12,否,,	,
莱特10本加厚16K大号学校统一学生作业本小学汉语拼音本纠错本,240520-155315095212241,已取消,8.7	,0.0	,0.0	,0.0	,0.0	,8.7	,8.7	,1	,	,	,607820221890	,16K练习本(10本),1596347489470	,	,无售后或售后取消,	,	,	,	,,	,
莱特10本加厚16K大号学校统一学生作业本小学汉语拼音本纠错本,240520-182520389292241,已发货，待收货,8.7	,0.0	,0.0	,0.0	,0.0	,8.7	,8.7	,1	,2024-05-21 08:57:28,	,607820221890	,16K练习本(10本),1596347489470	,	,无售后或售后取消,777216582033780	,申通快递,2024-05-20 21:50:17,否,,	,
莱特10本加厚16K大号学校统一学生作业本小学汉语拼音本纠错本,240520-655527810772463,已发货，待收货,6.1	,0.0	,0.0	,0.0	,0.0	,6.1	,6.1	,1	,2024-05-21 08:57:28,	,607820221890	,32K语文本(10本),1596346464018	,用户备注：5本语文，5本英语,无售后或售后取消,777216582034619	,申通快递,2024-05-20 21:46:54,否,,	,
莱特10本加厚16K大号学校统一学生作业本小学汉语拼音本纠错本,240520-581356777273350,已发货，待收货,12.2	,0.0	,1.22	,0.0	,0.0	,10.98	,10.98	,2	,2024-05-21 08:57:28,	,607820221890	,32K英语本(10本),1596345431819	,	,无售后或售后取消,777216582034595	,申通快递,2024-05-20 21:46:49,否,,	,
莱特10本加厚16K大号学校统一学生作业本小学汉语拼音本纠错本,240520-293014105642743,未发货，退款成功,4.5	,0.0	,0.0	,0.0	,0.0	,4.5	,4.5	,1	,	,	,607820221890	,16K练习本(5本),1596281800006	,	,退款成功,	,	,2024-05-20 21:44:01,否,,	,
莱特5本加厚200页B5学生笔记本办公记事本白领工作记录本子笔记本,240520-412960693801923,已发货，待收货,23.6	,0.0	,2.36	,1.14	,0.0	,20.1	,21.24	,4	,2024-05-21 08:57:28,	,608059073339	,B5五本（每本40张）,1593732323446	,	,无售后或售后取消,777216582034759	,申通快递,2024-05-20 21:43:57,否,,	,
莱特10本加厚16K大号学校统一学生作业本小学汉语拼音本纠错本,240520-267559913002743,未发货，退款成功,4.5	,0.0	,0.0	,0.0	,0.0	,4.5	,4.5	,1	,	,	,607820221890	,16K语文方格本(5本),1596281985848	,	,退款成功,	,	,2024-05-20 21:41:22,否,,	,
莱特10本加厚16K大号学校统一学生作业本小学汉语拼音本纠错本,240520-375993188562499,已发货，待收货,4.5	,0.0	,0.0	,0.0	,0.0	,4.5	,4.5	,1	,2024-05-21 08:57:28,	,607820221890	,16K数学单线本(5本),1596281800005	,	,无售后或售后取消,777216582025009	,申通快递,2024-05-20 21:25:02,否,,	,
莱特10本加厚16K大号学校统一学生作业本小学汉语拼音本纠错本,240520-355152729872586,已收货,8.7	,0.0	,0.0	,0.0	,0.01	,8.7	,8.7	,1	,2024-05-21 08:57:28,2024-05-27 18:51:23,607820221890	,16K生字本(10本),1596347489469	,	,无售后或售后取消,777216582025095	,申通快递,2024-05-20 20:29:21,否,,	,
莱特10本加厚16K大号学校统一学生作业本小学汉语拼音本纠错本,240520-180407519013388,未发货，退款成功,87.0	,0.0	,8.7	,0.0	,0.0	,78.3	,78.3	,10	,	,	,607820221890	,16K数学单线本(10本),1596347489468	,	,退款成功,	,	,2024-05-20 20:07:53,否,,	,
莱特10本加厚16K大号学校统一学生作业本小学汉语拼音本纠错本,240520-427006441831744,已发货，待收货,8.7	,0.0	,0.0	,3.0	,0.0	,5.7	,8.7	,1	,2024-05-21 08:57:28,	,607820221890	,16K练习本(10本),1596347489470	,	,无售后或售后取消,777216582034838	,申通快递,2024-05-20 19:25:45,否,,	,
莱特10本加厚16K大号学校统一学生作业本小学汉语拼音本纠错本,240520-548976729681669,已发货，待收货,4.5	,0.0	,0.45	,0.0	,0.0	,4.05	,4.05	,1	,2024-05-21 08:57:28,	,607820221890	,16K汉语拼音本(5本),1596281800007	,	,无售后或售后取消,777216582034840	,申通快递,2024-05-20 18:16:33,否,,	,
莱特10本加厚16K大号学校统一学生作业本小学汉语拼音本纠错本,240520-205379346001669,已发货，待收货,4.5	,0.0	,0.45	,0.0	,0.0	,4.05	,4.05	,1	,2024-05-21 08:57:28,	,607820221890	,16K数学双线本(5本),1596281800004	,	,无售后或售后取消,777216582034840	,申通快递,2024-05-20 18:16:33,否,,	,
莱特10本加厚16K大号学校统一学生作业本小学汉语拼音本纠错本,240520-498744727121669,已取消,4.5	,0.0	,0.45	,0.0	,0.0	,4.05	,4.05	,1	,	,	,607820221890	,16K汉语拼音本(5本),1596281800007	,	,无售后或售后取消,	,	,	,	,,	,
莱特10本加厚16K大号学校统一学生作业本小学汉语拼音本纠错本,240520-155147343441669,已取消,8.7	,0.0	,0.87	,0.0	,0.0	,7.83	,7.83	,1	,	,	,607820221890	,16K汉语拼音本(10本),1596348452662	,	,无售后或售后取消,	,	,	,	,,	,
莱特10本加厚16K大号学校统一学生作业本小学汉语拼音本纠错本,240520-391318115840670,已发货，待收货,4.5	,0.0	,0.0	,0.4	,0.0	,4.1	,4.5	,1	,2024-05-21 08:57:28,	,607820221890	,16K田字本(5本),1596353196803	,	,无售后或售后取消,777216582032985	,申通快递,2024-05-20 18:09:52,否,,	,
莱特5本加厚200页B5学生笔记本办公记事本白领工作记录本子笔记本,240520-568055600720461,已收货,4.9	,0.0	,0.0	,0.0	,0.0	,4.9	,4.9	,1	,2024-05-21 08:57:28,2024-05-25 11:13:00,608059073339	,A5五本（每本40张）,1593732323450	,	,无售后或售后取消,777216582034784	,申通快递,2024-05-20 18:08:48,否,,	,
莱特10本加厚16K大号学校统一学生作业本小学汉语拼音本纠错本,240520-190809392700160,已发货，待收货,4.5	,0.0	,0.0	,0.0	,0.01	,4.5	,4.5	,1	,2024-05-21 08:57:11,	,607820221890	,16K语文横线本(5本),1596281985849	,	,无售后或售后取消,777216582169309	,申通快递,2024-05-20 17:28:08,否,,	,
莱特10本加厚16K大号学校统一学生作业本小学汉语拼音本纠错本,240520-170309732132150,已收货,8.7	,0.0	,0.0	,0.0	,0.0	,8.7	,8.7	,1	,2024-05-21 08:55:53,2024-05-24 20:14:25,607820221890	,16K语文横线本(10本),1596346464021	,	,无售后或售后取消,777216582542897	,申通快递,2024-05-20 17:26:33,否,,	,
莱特10本加厚16K大号学校统一学生作业本小学汉语拼音本纠错本,240520-254541883530272,已发货，待收货,8.7	,0.0	,0.0	,0.0	,0.0	,8.7	,8.7	,1	,2024-05-20 13:15:30,	,607820221890	,16K语文方格本(10本),1596347489463	,	,无售后或售后取消,777216403517575	,申通快递,2024-05-20 13:01:21,否,,	,
莱特10本加厚16K大号学校统一学生作业本小学汉语拼音本纠错本,240520-148719552060996,已发货，待收货,4.5	,0.0	,0.0	,0.0	,0.0	,4.5	,4.5	,1	,2024-05-20 13:15:30,	,607820221890	,16K田字本(5本),1596353196803	,	,无售后或售后取消,777216403519544	,申通快递,2024-05-20 12:57:16,否,,	,
莱特10本加厚16K大号学校统一学生作业本小学汉语拼音本纠错本,240520-314981824722848,已发货，待收货,17.4	,0.0	,1.74	,0.0	,0.0	,15.66	,15.66	,2	,2024-05-20 13:15:30,	,607820221890	,16K学生日记本(10本),1596347489465	,	,无售后或售后取消,777216403518034	,申通快递,2024-05-20 10:57:20,否,,	,
莱特活页记账本财务账簿收支单出纳出入库存账薄财会明细本,240520-030608003353046,已发货，待收货,23.4	,0.0	,2.34	,0.0	,0.0	,21.06	,21.06	,2	,2024-05-20 13:15:30,	,609244903731	,16K三栏明细分类账,1593728670894	,	,无售后或售后取消,777216403519090	,申通快递,2024-05-20 10:51:27,否,,	,
莱特活页记账本财务账簿收支单出纳出入库存账薄财会明细本,240520-561014434073046,未发货，退款成功,23.4	,0.0	,2.34	,0.0	,0.0	,21.06	,21.06	,2	,	,	,609244903731	,16K三栏明细分类账,1593728670894	,	,退款成功,	,	,2024-05-20 10:48:51,否,,	,
莱特10本加厚16K大号学校统一学生作业本小学汉语拼音本纠错本,240520-510798149780877,已收货,4.5	,0.0	,0.45	,0.4	,0.0	,3.65	,4.05	,1	,2024-05-20 09:16:12,2024-05-24 16:19:06,607820221890	,16K练习本(5本),1596281800006	,	,无售后或售后取消,777216139765227	,申通快递,2024-05-20 09:01:42,否,,	,
莱特10本加厚16K大号学校统一学生作业本小学汉语拼音本纠错本,240520-167200766100877,已收货,8.7	,0.0	,0.87	,0.78	,0.0	,7.05	,7.83	,1	,2024-05-20 09:16:12,2024-05-24 16:19:14,607820221890	,16K语文方格本(10本),1596347489463	,	,无售后或售后取消,777216139765227	,申通快递,2024-05-20 09:01:42,否,,	,
莱特10本加厚16K大号学校统一学生作业本小学汉语拼音本纠错本,240520-047065351881852,已发货，待收货,9.0	,0.0	,0.9	,0.0	,0.0	,8.1	,8.1	,2	,2024-05-20 07:52:15,	,607820221890	,16K语文横线本(5本),1596281985849	,	,无售后或售后取消,777216122895204	,申通快递,2024-05-20 07:36:04,否,,	,
莱特10本超厚400张草稿纸作业练习本学生空白大学生考研验算纸张,240520-126175168303836,已收货,7.8	,0.0	,0.0	,0.0	,0.01	,7.8	,7.8	,1	,2024-05-20 07:52:15,2024-05-22 19:11:08,612572388478	,10本装/每本40张（400张）,1596114591035	,	,无售后或售后取消,777216122895794	,申通快递,2024-05-20 00:34:09,否,,	,
莱特活页记账本财务账簿收支单出纳出入库存账薄财会明细本,240520-531334510820499,已收货,14.4	,0.0	,1.44	,0.0	,0.0	,12.96	,12.96	,2	,2024-05-20 07:52:15,2024-05-22 18:16:00,609244903731	,25K现金日记账,1593728237728	,	,无售后或售后取消,777216122895757	,申通快递,2024-05-20 00:00:59,否,,	,
莱特活页记账本财务账簿收支单出纳出入库存账薄财会明细本,240520-359535818980499,已收货,117.0	,0.0	,11.7	,0.0	,0.0	,105.3	,105.3	,10	,2024-05-20 07:52:15,2024-05-22 18:15:48,609244903731	,16K进销存明细分类账,1593728237738	,	,无售后或售后取消,777216122895757	,申通快递,2024-05-20 00:01:00,否,,	,
莱特活页记账本财务账簿收支单出纳出入库存账薄财会明细本,240520-187737127140499,已收货,11.7	,0.0	,1.17	,0.0	,0.0	,10.53	,10.53	,1	,2024-05-20 07:52:15,2024-05-22 18:15:55,609244903731	,16K固定资产分类账,1593728670893	,	,无售后或售后取消,777216122895757	,申通快递,2024-05-20 00:01:00,否,,	,
莱特10本加厚16K大号学校统一学生作业本小学汉语拼音本纠错本,240519-685066238100877,未发货，退款成功,4.5	,0.0	,0.45	,0.41	,0.0	,3.64	,4.05	,1	,	,	,607820221890	,16K练习本(5本),1596281800006	,	,退款成功,	,	,2024-05-19 22:32:13,否,,	,
莱特10本加厚16K大号学校统一学生作业本小学汉语拼音本纠错本,240519-341468854420877,未发货，退款成功,4.5	,0.0	,0.45	,0.4	,0.0	,3.65	,4.05	,1	,	,	,607820221890	,16K语文方格本(5本),1596281985848	,	,退款成功,	,	,2024-05-19 22:32:13,否,,	,
莱特5本加厚A4学生笔记本B5办公商务记事本大学生课堂笔记草稿本,240519-559399637313527,已收货,11.0	,0.0	,2.2	,0.0	,0.0	,8.8	,8.8	,1	,2024-05-20 07:52:15,2024-05-30 07:52:15,614857205457	,B5混色5本装（每本58张）,1598292611663	,	,无售后或售后取消,777216122896665	,申通快递,2024-05-19 21:58:47,否,,	,
莱特5本加厚A4学生笔记本B5办公商务记事本大学生课堂笔记草稿本,240519-129902907713527,已收货,14.5	,0.0	,2.9	,0.0	,0.0	,11.6	,11.6	,1	,2024-05-20 07:52:15,2024-05-30 07:52:15,614857205457	,B5混色5本装（每本98张）,1598292611665	,	,无售后或售后取消,777216122896665	,申通快递,2024-05-19 21:58:47,否,,	,
莱特5本加厚200页B5学生笔记本办公记事本白领工作记录本子笔记本,240519-495651428033527,未发货，退款成功,10.8	,0.0	,1.0	,0.0	,0.0	,9.8	,9.8	,1	,	,	,608059073339	,B5五本（每本100张）,1593732323449	,	,退款成功,	,	,2024-05-19 21:58:24,否,,	,
莱特5本加厚200页B5学生笔记本办公记事本白领工作记录本子笔记本,240519-506776788673527,已收货,10.8	,0.0	,1.08	,0.0	,0.0	,9.72	,9.72	,1	,2024-05-20 07:52:15,2024-05-30 07:52:15,608059073339	,B5五本（每本100张）,1593732323449	,	,无售后或售后取消,777216122896665	,申通快递,2024-05-19 21:55:38,否,,	,
莱特5本加厚A4学生笔记本B5办公商务记事本大学生课堂笔记草稿本,240519-163179404993527,未发货，退款成功,11.0	,0.0	,1.1	,0.0	,0.0	,9.9	,9.9	,1	,	,	,614857205457	,B5混色5本装（每本58张）,1598292611663	,	,退款成功,	,	,2024-05-19 21:55:39,否,,	,
莱特10本加厚16K大号学校统一学生作业本小学汉语拼音本纠错本,240519-518148595322529,已收货,8.7	,0.0	,0.0	,0.0	,0.0	,8.7	,8.7	,1	,2024-05-20 07:52:15,2024-05-30 07:52:15,607820221890	,16K语文横线本(10本),1596346464021	,	,无售后或售后取消,777216122897239	,申通快递,2024-05-19 21:53:04,否,,	,
莱特10本加厚16K大号学校统一学生作业本小学汉语拼音本纠错本,240519-642336766180279,已收货,26.1	,0.0	,2.61	,1.6	,0.0	,21.89	,23.49	,3	,2024-05-20 07:52:15,2024-05-27 10:32:24,607820221890	,16K练习本(10本),1596347489470	,	,无售后或售后取消,777216122895125	,申通快递,2024-05-19 21:51:05,否,,	,
莱特10本加厚16K大号学校统一学生作业本小学汉语拼音本纠错本,240519-245796738620630,已取消,8.7	,0.0	,0.0	,0.0	,0.0	,8.7	,8.7	,1	,	,	,607820221890	,16K英语本(10本),1596347489464	,	,无售后或售后取消,	,	,	,	,,	,
莱特10本加厚16K大号学校统一学生作业本小学汉语拼音本纠错本,240519-376491230780630,未发货，退款成功,6.1	,0.0	,0.0	,0.0	,0.0	,6.1	,6.1	,1	,	,	,607820221890	,32K英语本(10本),1596345431819	,	,退款成功,	,	,2024-05-19 21:22:06,否,,	,
莱特10本加厚16K大号学校统一学生作业本小学汉语拼音本纠错本,240519-249131241913405,已收货,4.5	,0.0	,0.0	,0.0	,0.0	,4.5	,4.5	,1	,2024-05-20 07:52:15,2024-05-23 11:06:34,607820221890	,16K语文方格本(5本),1596281985848	,	,无售后或售后取消,777216122896696	,申通快递,2024-05-19 21:16:21,否,,	,
莱特10本加厚16K大号学校统一学生作业本小学汉语拼音本纠错本,240519-130720755381723,未发货，退款成功,6.1	,0.0	,0.0	,0.0	,0.0	,6.1	,6.1	,1	,	,	,607820221890	,32K读书笔记本(10本),1596346464017	,	,退款成功,	,	,2024-05-19 21:12:53,否,,	,
莱特10本加厚16K大号学校统一学生作业本小学汉语拼音本纠错本,240519-113670961321699,已发货，待收货,9.0	,0.0	,0.9	,0.0	,0.0	,8.1	,8.1	,2	,2024-05-20 07:52:15,	,607820221890	,16K田字本(5本),1596353196803	,	,无售后或售后取消,777216122895897	,申通快递,2024-05-19 20:33:07,否,,	,
莱特10本加厚16K大号学校统一学生作业本小学汉语拼音本纠错本,240519-452366179922499,未发货，退款成功,4.5	,0.0	,0.0	,0.0	,0.0	,4.5	,4.5	,1	,	,	,607820221890	,16K数学单线本(5本),1596281800005	,	,退款成功,	,	,2024-05-19 20:20:54,否,,	,
莱特5本加厚200页B5学生笔记本办公记事本白领工作记录本子笔记本,240519-042477873340494,已收货,21.6	,0.0	,2.16	,0.0	,0.0	,19.44	,19.44	,2	,2024-05-20 07:52:15,2024-05-24 16:02:02,608059073339	,B5五本（每本100张）,1593732323449	,	,无售后或售后取消,777216122897422	,申通快递,2024-05-19 19:54:29,否,,	,
莱特10本加厚16K大号学校统一学生作业本小学汉语拼音本纠错本,240519-555771522620393,已收货,17.4	,0.0	,1.74	,0.0	,0.0	,15.66	,15.66	,2	,2024-05-20 07:52:15,2024-05-21 21:09:11,607820221890	,16K练习本(10本),1596347489470	,	,无售后或售后取消,777216122896659	,申通快递,2024-05-19 19:41:56,否,,	,
莱特10本加厚16K大号学校统一学生作业本小学汉语拼音本纠错本,240519-265101002313465,已收货,17.4	,0.0	,1.74	,0.0	,0.0	,15.66	,15.66	,2	,2024-05-20 07:52:15,2024-05-22 15:57:15,607820221890	,16K练习本(10本),1596347489470	,	,无售后或售后取消,777216122895708	,申通快递,2024-05-19 17:50:10,否,,	,
莱特10本加厚16K大号学校统一学生作业本小学汉语拼音本纠错本,240519-638960351433465,已收货,17.4	,0.0	,1.74	,0.0	,0.0	,15.66	,15.66	,2	,2024-05-20 07:52:15,2024-05-22 15:56:36,607820221890	,16K汉语拼音本(10本),1596348452662	,	,无售后或售后取消,777216122895708	,申通快递,2024-05-19 17:45:38,否,,	,
莱特10本装16K学生防近视作业本学校统一英语作业本初中笔记本,240519-121959902950731,已发货，待收货,9.2	,0.0	,0.0	,0.0	,0.0	,9.2	,9.2	,1	,2024-05-19 17:11:55,	,613582632742	,英语本(5本),1597104442384	,	,无售后或售后取消,777216251038321	,申通快递,2024-05-19 16:44:28,否,,	,
5本装莱特牛皮学生作业本学校统一16K语文练习本小学生汉语拼音本,240519-343628869350731,已取消,8.41	,0.0	,0.0	,0.0	,0.0	,8.41	,8.41	,1	,	,	,609881478958	,英语本(5本),1593029013949	,	,无售后或售后取消,	,	,	,	,,	,
5本装莱特牛皮学生作业本学校统一16K语文练习本小学生汉语拼音本,240519-476651230950731,已取消,8.41	,0.0	,0.0	,0.0	,0.0	,8.41	,8.41	,1	,	,	,609881478958	,英语本(5本),1593029013949	,	,无售后或售后取消,	,	,	,	,,	,
莱特10本加厚16K大号学校统一学生作业本小学汉语拼音本纠错本,240519-087267807590731,已取消,4.2	,0.0	,0.0	,0.0	,0.0	,4.2	,4.2	,1	,	,	,607820221890	,32K英语本(5本),1593039293503	,	,无售后或售后取消,	,	,	,	,,	,
莱特10本加厚16K大号学校统一学生作业本小学汉语拼音本纠错本,240519-054588884702978,已取消,6.1	,0.0	,0.0	,0.0	,0.0	,6.1	,6.1	,1	,	,	,607820221890	,32K练习本(10本),1596346464015	,	,无售后或售后取消,	,	,	,	,,	,
莱特10本加厚16K大号学校统一学生作业本小学汉语拼音本纠错本,240519-397184867880636,已收货,8.7	,0.0	,0.0	,0.0	,0.0	,8.7	,8.7	,1	,2024-05-19 17:11:55,2024-05-25 16:09:36,607820221890	,16K英语本(10本),1596347489464	,	,无售后或售后取消,777216251047535	,申通快递,2024-05-19 16:25:06,否,,	,
莱特5本加厚200页B5学生笔记本办公记事本白领工作记录本子笔记本,240519-651134267173226,已收货,5.9	,0.0	,0.0	,0.0	,0.0	,5.9	,5.9	,1	,2024-05-19 17:11:55,2024-05-22 23:42:11,608059073339	,A5五本（每本60张）,1593732323451	,	,无售后或售后取消,777216251046949	,申通快递,2024-05-19 15:06:19,否,,	,
莱特5本加厚200页B5学生笔记本办公记事本白领工作记录本子笔记本,240519-031352440613226,未发货，退款成功,11.8	,0.0	,1.18	,0.0	,0.0	,10.62	,10.62	,2	,	,	,608059073339	,A5五本（每本60张）,1593732323451	,	,退款成功,	,	,2024-05-19 14:05:05,否,,	,
莱特5本加厚200页B5学生笔记本办公记事本白领工作记录本子笔记本,240519-260602621733226,未发货，退款成功,5.9	,0.0	,0.0	,0.0	,0.0	,5.9	,5.9	,1	,	,	,608059073339	,A5五本（每本60张）,1593732323451	,	,退款成功,	,	,2024-05-19 14:02:07,否,,	,
莱特5本加厚200页B5学生笔记本办公记事本白领工作记录本子笔记本,240519-279141445413226,未发货，退款成功,11.8	,0.0	,1.18	,0.0	,0.0	,10.62	,10.62	,2	,	,	,608059073339	,A5五本（每本60张）,1593732323451	,	,退款成功,	,	,2024-05-19 13:56:27,否,,	,
莱特10本超厚400张草稿纸作业练习本学生空白大学生考研验算纸张,240519-419231208963048,已发货，待收货,7.8	,0.0	,0.0	,0.0	,0.0	,7.8	,7.8	,1	,2024-05-19 17:11:55,	,612572388478	,10本装/每本40张（400张）,1596114591035	,	,无售后或售后取消,777216251037819	,申通快递,2024-05-19 12:30:54,否,,	,
莱特10本加厚16K大号学校统一学生作业本小学汉语拼音本纠错本,240519-666731866530796,已发货，待收货,4.5	,0.0	,0.0	,0.0	,0.01	,4.5	,4.5	,1	,2024-05-19 17:11:55,	,607820221890	,16K练习本(5本),1596281800006	,	,无售后或售后取消,777216251047475	,申通快递,2024-05-19 11:00:57,否,,	,
莱特5本加厚200页B5学生笔记本办公记事本白领工作记录本子笔记本,240518-011020572453226,已收货,5.9	,0.0	,0.0	,3.0	,0.0	,2.9	,5.9	,1	,2024-05-19 17:11:55,2024-05-22 23:42:21,608059073339	,A5五本（每本60张）,1593732323451	,用户备注：确认 60张纸，正反120页可书写,无售后或售后取消,777216251046949	,申通快递,2024-05-18 23:22:49,否,,	,
莱特10本加厚16K大号学校统一学生作业本小学汉语拼音本纠错本,240518-439321967010796,未发货，退款成功,8.7	,0.0	,0.0	,0.0	,0.0	,8.7	,8.7	,1	,	,	,607820221890	,16K数学单线本(10本),1596347489468	,	,退款成功,	,	,2024-05-18 21:44:39,否,,	,
莱特10本加厚16K大号学校统一学生作业本小学汉语拼音本纠错本,240518-557517381410796,已发货，待收货,4.5	,0.0	,0.0	,0.0	,0.01	,4.5	,4.5	,1	,2024-05-19 17:11:55,	,607820221890	,16K语文方格本(5本),1596281985848	,	,无售后或售后取消,777216251047475	,申通快递,2024-05-18 21:43:01,否,,	,
莱特10本加厚16K大号学校统一学生作业本小学汉语拼音本纠错本,240518-519233943970796,未发货，退款成功,8.7	,0.0	,0.0	,0.0	,0.0	,8.7	,8.7	,1	,	,	,607820221890	,16K练习本(10本),1596347489470	,	,退款成功,	,	,2024-05-18 21:42:19,否,,	,
莱特10本加厚16K大号学校统一学生作业本小学汉语拼音本纠错本,240518-502986207010796,已发货，待收货,4.5	,0.0	,0.0	,0.0	,0.01	,4.5	,4.5	,1	,2024-05-19 17:11:55,	,607820221890	,16K英语本(5本),1596281250228	,	,无售后或售后取消,777216251047475	,申通快递,2024-05-18 21:41:43,否,,	,
莱特10本超厚400张草稿纸作业练习本学生空白大学生考研验算纸张,240518-428857116232333,已取消,7.8	,0.0	,0.0	,0.0	,0.0	,7.8	,7.8	,1	,	,	,612572388478	,10本装/每本40张（400张）,1596114591035	,	,无售后或售后取消,	,	,	,	,,	,
莱特10本学校统一语文作业本学前班写字本小学一年级算术本练字本,240518-164993472180676,已取消,8.3	,0.0	,0.0	,0.0	,0.0	,8.3	,8.3	,1	,	,	,608456990700	,拼音本（10本横版）,1591039126435	,	,无售后或售后取消,	,	,	,	,,	,
莱特5本加厚200页B5学生笔记本办公记事本白领工作记录本子笔记本,240517-669500096933226,未发货，退款成功,11.8	,0.0	,1.18	,0.0	,0.0	,10.62	,10.62	,2	,	,	,608059073339	,A5五本（每本60张）,1593732323451	,	,退款成功,	,	,2024-05-17 23:21:05,否,,	,
莱特10本加厚16K大号学校统一学生作业本小学汉语拼音本纠错本,240517-610082568400993,已收货,8.7	,0.0	,0.87	,0.0	,0.0	,7.83	,7.83	,1	,2024-05-19 17:11:55,2024-05-24 17:00:44,607820221890	,16K数学双线本(10本),1596347489467	,	,无售后或售后取消,777216251046421	,申通快递,2024-05-17 21:56:22,否,,	,
莱特10本加厚16K大号学校统一学生作业本小学汉语拼音本纠错本,240517-051736819920993,已收货,8.7	,0.0	,0.87	,0.0	,0.0	,7.83	,7.83	,1	,2024-05-19 17:11:55,2024-05-24 17:00:28,607820221890	,16K田字本(10本),1596347489466	,	,无售后或售后取消,777216251046421	,申通快递,2024-05-17 21:56:23,否,,	,
莱特5本装学校统一学生作业本A4数学横线练习本16K写字本练字本,240517-149112778251380,未发货，退款成功,29.6	,0.0	,2.96	,0.0	,0.0	,26.64	,26.64	,4	,	,	,609893217695	,16K牛皮横线本(5本),1593044509958	,	,退款成功,	,	,2024-05-17 21:54:38,否,,	,
莱特活页记账本财务账簿收支单出纳出入库存账薄财会明细本,240517-246127029821116,已发货，待收货,40.8	,0.0	,4.08	,0.0	,0.0	,36.72	,36.72	,3	,2024-05-17 16:13:05,	,609244903731	,16K三栏明细分类账,1593728670894	,	,无售后或售后取消,777215972943569	,申通快递,2024-05-17 10:43:23,否,,	,
莱特10本学校统一语文作业本学前班写字本小学一年级算术本练字本,240516-246168952500676,已取消,8.71	,0.0	,0.0	,0.0	,0.0	,8.71	,8.71	,1	,	,	,608456990700	,拼音本（10本横版）,1591039126435	,	,无售后或售后取消,	,	,	,	,,	,
莱特10本装草稿纸作业草稿本演算学生空白大学生考研验算加厚纸张,240515-184072354140646,已收货,5.0	,0.0	,0.0	,0.0	,0.0	,5.0	,5.0	,1	,2024-05-16 15:43:56,2024-05-26 15:43:56,612572388478	,5本装/每本40张（共200张）,1596114591034	,	,无售后或售后取消,777215909533732	,申通快递,2024-05-15 21:14:45,否,,	,
莱特10本装草稿纸作业草稿本演算学生空白大学生考研验算加厚纸张,240514-606622205472579,已收货,8.8	,0.0	,0.0	,0.0	,0.0	,8.8	,8.8	,1	,2024-05-15 15:58:17,2024-05-22 21:31:41,612572388478	,10本装/每本40张（400张）,1596114591035	,	,无售后或售后取消,777215290481301	,申通快递,2024-05-14 19:34:29,否,,	,
莱特10本加厚16K大号学校统一学生作业本小学汉语拼音本纠错本,240514-416604567830370,已收货,15.4	,0.0	,1.54	,0.0	,0.0	,13.86	,13.86	,2	,2024-05-15 15:58:17,2024-05-19 17:38:54,607820221890	,32K练习本(10本),1596346464015	,	,无售后或售后取消,777215290481295	,申通快递,2024-05-14 16:29:45,否,,	,
莱特10本加厚16K大号学校统一学生作业本小学汉语拼音本纠错本,240510-046913339711675,已收货,12.3	,0.0	,0.0	,0.0	,0.0	,12.3	,12.3	,1	,2024-05-11 21:44:34,2024-05-26 08:49:37,607820221890	,16K英语本(10本),1596347489464	,	,无售后或售后取消,777214434073485	,申通快递,2024-05-10 19:45:08,否,,	,
莱特10本装草稿纸作业草稿本演算学生空白大学生考研验算加厚纸张,240509-623839865220496,已收货,10.5	,0.0	,0.0	,0.0	,0.0	,10.5	,10.5	,1	,2024-05-10 10:13:00,2024-05-20 10:13:00,612572388478	,10本装/每本40张（400张）,1596114591035	,	,无售后或售后取消,777213636465394	,申通快递,2024-05-09 20:40:20,否,,	,
莱特10本装草稿纸作业草稿本演算学生空白大学生考研验算加厚纸张,240509-402218074511367,已收货,6.3	,0.0	,0.0	,0.0	,0.0	,6.3	,6.3	,1	,2024-05-10 10:13:00,2024-05-25 10:13:00,612572388478	,5本装/每本40张（共200张）,1596114591034	,	,无售后或售后取消,777213636461440	,申通快递,2024-05-09 20:34:19,否,,	,
莱特10本装草稿纸作业草稿本演算学生空白大学生考研验算加厚纸张,240509-297334218413915,已收货,9.0	,0.0	,0.0	,0.0	,0.0	,9.0	,9.0	,1	,2024-05-10 10:13:00,2024-05-20 10:13:01,613446095043	,10本装/每本40张（400张）,1596980145796	,	,无售后或售后取消,777213636460858	,申通快递,2024-05-09 19:51:38,否,,	,
莱特10本加厚16K大号学校统一学生作业本小学汉语拼音本纠错本,240509-423525148880260,已收货,12.3	,0.0	,0.0	,0.0	,0.0	,12.3	,12.3	,1	,2024-05-10 10:13:00,2024-05-20 10:13:01,607820221890	,16K练习本(10本),1596347489470	,	,无售后或售后取消,777213636463723	,申通快递,2024-05-09 17:22:08,否,,	,
莱特10本装草稿纸作业草稿本演算学生空白大学生考研验算加厚纸张,240509-268042249213248,已收货,6.3	,0.0	,0.0	,0.0	,0.0	,6.3	,6.3	,1	,2024-05-09 10:24:39,2024-05-12 18:43:13,612572388478	,5本装/每本40张（共200张）,1596114591034	,	,无售后或售后取消,777213416778291	,申通快递,2024-05-09 07:44:46,否,,	,
莱特10本装草稿纸作业草稿本演算学生空白大学生考研验算加厚纸张,240509-441890926183353,已收货,6.3	,0.0	,0.0	,0.0	,0.0	,6.3	,6.3	,1	,2024-05-09 10:24:39,2024-05-19 10:24:39,612572388478	,5本装/每本40张（共200张）,1596114591034	,	,无售后或售后取消,777213416786809	,申通快递,2024-05-09 05:29:22,否,,	,
莱特10本装草稿纸作业草稿本演算学生空白大学生考研验算加厚纸张,240508-070988623551931,已收货,10.5	,0.0	,0.0	,0.0	,0.0	,10.5	,10.5	,1	,2024-05-09 10:24:39,2024-05-19 10:24:39,612572388478	,10本装/每本40张（400张）,1596114591035	,	,无售后或售后取消,777213416785853	,申通快递,2024-05-08 23:36:14,否,,	,
莱特10本装草稿纸作业草稿本演算学生空白大学生考研验算加厚纸张,240508-430000054051512,已收货,10.5	,0.0	,0.0	,0.0	,0.0	,10.5	,10.5	,1	,2024-05-09 10:24:39,2024-05-12 09:53:36,612572388478	,10本装/每本40张（400张）,1596114591035	,	,无售后或售后取消,777213416785919	,申通快递,2024-05-08 22:57:11,否,,	,
莱特10本装草稿纸作业草稿本演算学生空白大学生考研验算加厚纸张,240508-188271860572818,已收货,10.5	,0.0	,0.0	,0.0	,0.0	,10.5	,10.5	,1	,2024-05-09 10:24:39,2024-05-19 10:24:39,612572388478	,10本装/每本40张（400张）,1596114591035	,	,无售后或售后取消,777213416779363	,申通快递,2024-05-08 22:53:33,否,,	,
莱特10本装草稿纸作业草稿本演算学生空白大学生考研验算加厚纸张,240508-478633030650350,已收货,10.5	,0.0	,0.0	,0.0	,0.0	,10.5	,10.5	,1	,2024-05-09 10:24:39,2024-05-19 10:24:39,612572388478	,10本装/每本40张（400张）,1596114591035	,	,无售后或售后取消,777213416785439	,申通快递,2024-05-08 22:21:07,否,,	,
莱特10本装草稿纸作业草稿本演算学生空白大学生考研验算加厚纸张,240508-045398148751866,已收货,4.8	,0.0	,0.0	,0.0	,0.0	,4.8	,4.8	,1	,2024-05-09 10:24:39,2024-05-19 10:24:39,612572388478	,3本装/每本40张（共120张）,1596114591038	,	,无售后或售后取消,777213416785865	,申通快递,2024-05-08 22:18:27,否,,	,
莱特10本装草稿纸作业草稿本演算学生空白大学生考研验算加厚纸张,240508-621218383594022,已收货,10.5	,0.0	,0.0	,0.0	,0.0	,10.5	,10.5	,1	,2024-05-09 10:24:39,2024-05-19 10:24:39,612572388478	,10本装/每本40张（400张）,1596114591035	,	,无售后或售后取消,777213416778369	,申通快递,2024-05-08 22:14:07,否,,	,
莱特10本装草稿纸作业草稿本演算学生空白大学生考研验算加厚纸张,240508-553878854563408,已收货,6.3	,0.0	,0.0	,0.0	,0.0	,6.3	,6.3	,1	,2024-05-09 10:24:39,2024-05-19 10:24:39,612572388478	,5本装/每本40张（共200张）,1596114591034	,	,无售后或售后取消,777213416778333	,申通快递,2024-05-08 20:28:52,否,,	,
5本装莱特180°平摊B5学生笔记本办公记事本加厚纸张工作记录本子,240508-185692363713721,已收货,10.89	,0.0	,1.0	,6.0	,0.0	,3.89	,9.89	,1	,2024-05-09 10:24:39,2024-05-19 10:24:39,608059073339	,A5五本（每本40张）,1593732323450	,	,无售后或售后取消,777213416778394	,申通快递,2024-05-08 20:00:17,否,,	,
莱特10本装草稿纸作业草稿本演算学生空白大学生考研验算加厚纸张,240508-045618327280511,已收货,6.3	,0.0	,0.0	,0.0	,0.0	,6.3	,6.3	,1	,2024-05-09 10:24:14,2024-05-19 10:24:14,612572388478	,5本装/每本40张（共200张）,1596114591034	,	,无售后或售后取消,777213415319791	,申通快递,2024-05-08 19:39:36,否,,	,